<?xml version="1.0" encoding="UTF-8"?>
<project-private xmlns="http://www.netbeans.org/ns/project-private/1">
    <editor-bookmarks xmlns="http://www.netbeans.org/ns/editor-bookmarks/2" lastBookmarkId="0"/>
    <open-files xmlns="http://www.netbeans.org/ns/projectui-open-files/2">
        <group>
            <file>file:/D:/OOP/Project/myproject/src/main/SupplierController.java</file>
            <file>file:/D:/OOP/Project/myproject/src/main/MyProject.java</file>
            <file>file:/D:/OOP/Project/myproject/src/main/SalesTeamController.java</file>
            <file>file:/D:/OOP/Project/myproject/src/main/EmployeeListController.java</file>
            <file>file:/D:/OOP/Project/myproject/src/main/Item_ListController.java</file>
            <file>file:/D:/OOP/Project/myproject/src/main/MarketAnalysisController.java</file>
            <file>file:/D:/OOP/Project/myproject/src/main/ReportAnalysisController.java</file>
            <file>file:/D:/OOP/Project/myproject/src/main/OrderController.java</file>
            <file>file:/D:/OOP/Project/myproject/src/main/FXMLDocumentController.java</file>
            <file>file:/D:/OOP/Project/myproject/src/main/Customer_FeedbackController.java</file>
            <file>file:/D:/OOP/Project/myproject/src/main/SalesManagerController.java</file>
        </group>
    </open-files>
</project-private>
